ID,Date_Time,Equipment_Name,Equipment_Id,Flow_Rate,Flow_Total,Consumption
1238,2022-06-21 21:02:05.000,Wooshin_Air_Consumption,7,245,156925,21
1237,2022-06-21 20:02:05.000,Wooshin_Air_Consumption,7,364,156904,11
1236,2022-06-21 19:02:05.000,Wooshin_Air_Consumption,7,50,156893,17
1235,2022-06-21 18:02:05.000,Wooshin_Air_Consumption,7,268,156876,21
1234,2022-06-21 17:02:05.000,Wooshin_Air_Consumption,7,444,156855,18
1233,2022-06-21 16:02:05.000,Wooshin_Air_Consumption,7,326,156837,22
1232,2022-06-21 15:02:05.000,Wooshin_Air_Consumption,7,313,156815,12
1231,2022-06-21 14:02:07.000,Wooshin_Air_Consumption,7,54,156803,20
1230,2022-06-21 13:02:07.000,Wooshin_Air_Consumption,7,476,156783,22
1229,2022-06-21 12:02:05.000,Wooshin_Air_Consumption,7,334,156761,11
1228,2022-06-21 11:02:05.000,Wooshin_Air_Consumption,7,43,156750,19
1227,2022-06-21 10:02:05.000,Wooshin_Air_Consumption,7,322,156731,21
1226,2022-06-21 09:02:06.000,Wooshin_Air_Consumption,7,295,156710,23
1225,2022-06-21 08:02:05.000,Wooshin_Air_Consumption,7,367,156687,16
1224,2022-06-21 07:03:55.000,Wooshin_Air_Consumption,7,351,156671,21
1223,2022-06-21 06:02:05.000,Wooshin_Air_Consumption,7,144,156650,4
1222,2022-06-21 05:02:05.000,Wooshin_Air_Consumption,7,0,156646,0
1221,2022-06-21 04:02:05.000,Wooshin_Air_Consumption,7,0,156646,0
1220,2022-06-21 03:02:05.000,Wooshin_Air_Consumption,7,0,156646,0
1219,2022-06-21 02:02:06.000,Wooshin_Air_Consumption,7,0,156646,0
1218,2022-06-21 01:02:06.000,Wooshin_Air_Consumption,7,0,156646,0
1217,2022-06-21 00:05:04.000,Wooshin_Air_Consumption,7,0,156646,NULL
1216,2022-06-20 23:02:05.000,Wooshin_Air_Consumption,7,0,156646,10
1215,2022-06-20 22:02:06.000,Wooshin_Air_Consumption,7,387,156636,22
1214,2022-06-20 21:02:05.000,Wooshin_Air_Consumption,7,351,156614,22
1213,2022-06-20 20:02:05.000,Wooshin_Air_Consumption,7,558,156592,14
1212,2022-06-20 19:02:06.000,Wooshin_Air_Consumption,7,83,156578,19
1211,2022-06-20 18:02:05.000,Wooshin_Air_Consumption,7,262,156559,22
1210,2022-06-20 17:02:05.000,Wooshin_Air_Consumption,7,347,156537,17
1209,2022-06-20 16:02:06.000,Wooshin_Air_Consumption,7,407,156520,21
1208,2022-06-20 15:02:05.000,Wooshin_Air_Consumption,7,177,156499,12
1207,2022-06-20 14:03:55.000,Wooshin_Air_Consumption,7,89,156487,768
1206,2022-06-16 23:02:06.000,Wooshin_Air_Consumption,7,0,155719,8
1205,2022-06-16 22:02:05.000,Wooshin_Air_Consumption,7,227,155711,20
1204,2022-06-16 21:02:06.000,Wooshin_Air_Consumption,7,330,155691,21
1203,2022-06-16 20:02:05.000,Wooshin_Air_Consumption,7,396,155670,11
1202,2022-06-16 19:02:06.000,Wooshin_Air_Consumption,7,18,155659,19
1201,2022-06-16 18:02:05.000,Wooshin_Air_Consumption,7,471,155640,11
1200,2022-06-16 17:02:05.000,Wooshin_Air_Consumption,7,61,155629,8
1199,2022-06-16 16:02:05.000,Wooshin_Air_Consumption,7,297,155621,23
1198,2022-06-16 15:02:05.000,Wooshin_Air_Consumption,7,458,155598,8
1197,2022-06-16 14:02:05.000,Wooshin_Air_Consumption,7,6,155590,7
1196,2022-06-16 13:02:11.000,Wooshin_Air_Consumption,7,108,155583,19
1195,2022-06-16 12:02:05.000,Wooshin_Air_Consumption,7,247,155564,13
1194,2022-06-16 11:02:05.000,Wooshin_Air_Consumption,7,114,155551,20
1193,2022-06-16 10:02:05.000,Wooshin_Air_Consumption,7,401,155531,20
1192,2022-06-16 09:02:05.000,Wooshin_Air_Consumption,7,355,155511,23
1191,2022-06-16 08:02:06.000,Wooshin_Air_Consumption,7,396,155488,16
1190,2022-06-16 07:02:08.000,Wooshin_Air_Consumption,7,525,155472,21
1189,2022-06-16 06:02:07.000,Wooshin_Air_Consumption,7,140,155451,3
1188,2022-06-16 05:02:06.000,Wooshin_Air_Consumption,7,0,155448,0
1187,2022-06-16 04:02:05.000,Wooshin_Air_Consumption,7,0,155448,0
1186,2022-06-16 03:02:05.000,Wooshin_Air_Consumption,7,0,155448,0
1185,2022-06-16 02:02:06.000,Wooshin_Air_Consumption,7,0,155448,0
1184,2022-06-16 01:02:05.000,Wooshin_Air_Consumption,7,0,155448,0
1183,2022-06-16 00:05:04.000,Wooshin_Air_Consumption,7,0,155448,NULL
1182,2022-06-15 23:02:05.000,Wooshin_Air_Consumption,7,0,155448,8
1181,2022-06-15 22:02:05.000,Wooshin_Air_Consumption,7,378,155440,22
1180,2022-06-15 21:02:05.000,Wooshin_Air_Consumption,7,250,155418,20
1179,2022-06-15 20:02:05.000,Wooshin_Air_Consumption,7,513,155398,11
1178,2022-06-15 19:02:06.000,Wooshin_Air_Consumption,7,65,155387,18
1177,2022-06-15 18:02:05.000,Wooshin_Air_Consumption,7,355,155369,23
1176,2022-06-15 17:02:05.000,Wooshin_Air_Consumption,7,367,155346,17
1175,2022-06-15 16:02:05.000,Wooshin_Air_Consumption,7,333,155329,19
1174,2022-06-15 15:02:05.000,Wooshin_Air_Consumption,7,287,155310,10
1173,2022-06-15 14:02:06.000,Wooshin_Air_Consumption,7,5,155300,18
1172,2022-06-15 13:02:05.000,Wooshin_Air_Consumption,7,333,155282,21
1171,2022-06-15 12:02:05.000,Wooshin_Air_Consumption,7,447,155261,9
1170,2022-06-15 11:02:05.000,Wooshin_Air_Consumption,7,15,155252,16
1169,2022-06-15 10:02:05.000,Wooshin_Air_Consumption,7,498,155236,22
1168,2022-06-15 09:02:05.000,Wooshin_Air_Consumption,7,310,155214,21
1167,2022-06-15 08:02:05.000,Wooshin_Air_Consumption,7,346,155193,16
1166,2022-06-15 07:02:05.000,Wooshin_Air_Consumption,7,555,155177,19
1165,2022-06-15 06:02:06.000,Wooshin_Air_Consumption,7,56,155158,3
1164,2022-06-15 05:02:05.000,Wooshin_Air_Consumption,7,0,155155,0
1163,2022-06-15 04:02:06.000,Wooshin_Air_Consumption,7,0,155155,0
1162,2022-06-15 03:02:05.000,Wooshin_Air_Consumption,7,0,155155,0
1161,2022-06-15 02:02:06.000,Wooshin_Air_Consumption,7,0,155155,0
1160,2022-06-15 01:02:05.000,Wooshin_Air_Consumption,7,0,155155,0
1159,2022-06-15 00:05:04.000,Wooshin_Air_Consumption,7,0,155155,NULL
1158,2022-06-14 23:02:05.000,Wooshin_Air_Consumption,7,0,155155,8
1157,2022-06-14 22:02:05.000,Wooshin_Air_Consumption,7,454,155147,21
1156,2022-06-14 21:02:06.000,Wooshin_Air_Consumption,7,250,155126,22
1155,2022-06-14 20:02:05.000,Wooshin_Air_Consumption,7,418,155104,10
1154,2022-06-14 19:02:05.000,Wooshin_Air_Consumption,7,28,155094,19
1153,2022-06-14 18:02:06.000,Wooshin_Air_Consumption,7,444,155075,22
1152,2022-06-14 17:02:05.000,Wooshin_Air_Consumption,7,329,155053,14
1151,2022-06-14 16:02:05.000,Wooshin_Air_Consumption,7,329,155039,20
1150,2022-06-14 15:02:05.000,Wooshin_Air_Consumption,7,337,155019,8
1149,2022-06-14 14:02:05.000,Wooshin_Air_Consumption,7,1,155011,10
1148,2022-06-14 13:02:07.000,Wooshin_Air_Consumption,7,0,155001,6
1147,2022-06-14 12:02:07.000,Wooshin_Air_Consumption,7,362,154995,8
1146,2022-06-14 11:02:05.000,Wooshin_Air_Consumption,7,13,154987,18
1145,2022-06-14 10:02:05.000,Wooshin_Air_Consumption,7,209,154969,22
1144,2022-06-14 09:02:05.000,Wooshin_Air_Consumption,7,325,154947,19
1143,2022-06-14 08:02:05.000,Wooshin_Air_Consumption,7,301,154928,14
1142,2022-06-14 07:02:05.000,Wooshin_Air_Consumption,7,432,154914,19
1141,2022-06-14 06:02:05.000,Wooshin_Air_Consumption,7,40,154895,3
1140,2022-06-14 05:02:05.000,Wooshin_Air_Consumption,7,0,154892,0
1139,2022-06-14 04:02:05.000,Wooshin_Air_Consumption,7,0,154892,0
1138,2022-06-14 03:02:05.000,Wooshin_Air_Consumption,7,0,154892,0
1137,2022-06-14 02:02:05.000,Wooshin_Air_Consumption,7,0,154892,0
1135,2022-06-14 01:02:05.000,Wooshin_Air_Consumption,7,0,154892,NULL
1136,2022-06-14 00:05:04.000,Wooshin_Air_Consumption,7,0,154892,0
1134,2022-06-13 23:02:05.000,Wooshin_Air_Consumption,7,0,154892,4
1133,2022-06-13 22:02:06.000,Wooshin_Air_Consumption,7,218,154888,18
1132,2022-06-13 21:02:06.000,Wooshin_Air_Consumption,7,370,154870,21
1131,2022-06-13 20:02:05.000,Wooshin_Air_Consumption,7,337,154849,10
1130,2022-06-13 19:02:05.000,Wooshin_Air_Consumption,7,35,154839,18
1129,2022-06-13 18:02:05.000,Wooshin_Air_Consumption,7,389,154821,21
1128,2022-06-13 17:02:05.000,Wooshin_Air_Consumption,7,318,154800,15
1127,2022-06-13 16:02:05.000,Wooshin_Air_Consumption,7,202,154785,18
1126,2022-06-13 15:02:05.000,Wooshin_Air_Consumption,7,237,154767,8
1125,2022-06-13 14:02:05.000,Wooshin_Air_Consumption,7,85,154759,16
1124,2022-06-13 13:02:05.000,Wooshin_Air_Consumption,7,364,154743,21
1123,2022-06-13 12:02:05.000,Wooshin_Air_Consumption,7,413,154722,10
1122,2022-06-13 11:03:43.000,Wooshin_Air_Consumption,7,51,154712,41
1121,2022-06-13 09:02:05.000,Wooshin_Air_Consumption,7,335,154671,20
1120,2022-06-13 08:02:05.000,Wooshin_Air_Consumption,7,393,154651,14
1119,2022-06-13 07:02:05.000,Wooshin_Air_Consumption,7,380,154637,17
1118,2022-06-13 06:02:05.000,Wooshin_Air_Consumption,7,0,154620,0
1117,2022-06-13 05:02:08.000,Wooshin_Air_Consumption,7,0,154620,0
1116,2022-06-13 04:02:05.000,Wooshin_Air_Consumption,7,0,154620,0
1115,2022-06-13 03:02:06.000,Wooshin_Air_Consumption,7,0,154620,0
1114,2022-06-13 02:02:05.000,Wooshin_Air_Consumption,7,0,154620,0
1113,2022-06-13 01:02:06.000,Wooshin_Air_Consumption,7,0,154620,0
1112,2022-06-13 00:05:04.000,Wooshin_Air_Consumption,7,0,154620,NULL
1111,2022-06-12 23:02:06.000,Wooshin_Air_Consumption,7,0,154620,0
1110,2022-06-12 22:02:06.000,Wooshin_Air_Consumption,7,0,154620,0
1109,2022-06-12 21:02:06.000,Wooshin_Air_Consumption,7,0,154620,0
1108,2022-06-12 20:02:05.000,Wooshin_Air_Consumption,7,0,154620,0
1107,2022-06-12 19:02:05.000,Wooshin_Air_Consumption,7,0,154620,0
1106,2022-06-12 18:02:05.000,Wooshin_Air_Consumption,7,0,154620,0
1105,2022-06-12 17:02:05.000,Wooshin_Air_Consumption,7,0,154620,0
1104,2022-06-12 16:02:05.000,Wooshin_Air_Consumption,7,0,154620,0
1103,2022-06-12 15:02:05.000,Wooshin_Air_Consumption,7,0,154620,0
1102,2022-06-12 14:02:05.000,Wooshin_Air_Consumption,7,0,154620,0
1101,2022-06-12 13:02:05.000,Wooshin_Air_Consumption,7,0,154620,1
1100,2022-06-12 12:02:05.000,Wooshin_Air_Consumption,7,0,154619,0
1099,2022-06-12 11:02:05.000,Wooshin_Air_Consumption,7,0,154619,0
1098,2022-06-12 10:02:05.000,Wooshin_Air_Consumption,7,0,154619,1
1097,2022-06-12 09:02:05.000,Wooshin_Air_Consumption,7,144,154618,3
1096,2022-06-12 08:02:05.000,Wooshin_Air_Consumption,7,25,154615,3
1095,2022-06-12 07:02:05.000,Wooshin_Air_Consumption,7,80,154612,5
1094,2022-06-12 06:02:05.000,Wooshin_Air_Consumption,7,0,154607,0
1093,2022-06-12 05:02:06.000,Wooshin_Air_Consumption,7,0,154607,0
1092,2022-06-12 04:02:05.000,Wooshin_Air_Consumption,7,0,154607,0
1091,2022-06-12 03:02:05.000,Wooshin_Air_Consumption,7,0,154607,0
1090,2022-06-12 02:02:06.000,Wooshin_Air_Consumption,7,0,154607,0
1088,2022-06-12 01:02:05.000,Wooshin_Air_Consumption,7,0,154607,NULL
1089,2022-06-12 00:05:04.000,Wooshin_Air_Consumption,7,0,154607,0
1087,2022-06-11 23:02:05.000,Wooshin_Air_Consumption,7,0,154607,8
1086,2022-06-11 22:02:05.000,Wooshin_Air_Consumption,7,287,154599,22
1085,2022-06-11 21:02:05.000,Wooshin_Air_Consumption,7,359,154577,21
1084,2022-06-11 20:02:05.000,Wooshin_Air_Consumption,7,374,154556,9
1083,2022-06-11 19:02:05.000,Wooshin_Air_Consumption,7,7,154547,17
1082,2022-06-11 18:02:05.000,Wooshin_Air_Consumption,7,396,154530,22
1081,2022-06-11 17:02:05.000,Wooshin_Air_Consumption,7,254,154508,14
1080,2022-06-11 16:02:05.000,Wooshin_Air_Consumption,7,384,154494,21
1079,2022-06-11 15:02:05.000,Wooshin_Air_Consumption,7,346,154473,10
1078,2022-06-11 14:02:05.000,Wooshin_Air_Consumption,7,0,154463,20
1077,2022-06-11 13:02:05.000,Wooshin_Air_Consumption,7,320,154443,21
1076,2022-06-11 12:02:05.000,Wooshin_Air_Consumption,7,425,154422,12
1075,2022-06-11 11:02:09.000,Wooshin_Air_Consumption,7,25,154410,20
1074,2022-06-11 10:02:05.000,Wooshin_Air_Consumption,7,350,154390,23
1073,2022-06-11 09:02:06.000,Wooshin_Air_Consumption,7,372,154367,23
1072,2022-06-11 08:02:05.000,Wooshin_Air_Consumption,7,370,154344,16
1071,2022-06-11 07:02:05.000,Wooshin_Air_Consumption,7,499,154328,21
1070,2022-06-11 06:02:05.000,Wooshin_Air_Consumption,7,122,154307,3
1069,2022-06-11 05:02:05.000,Wooshin_Air_Consumption,7,0,154304,0
1068,2022-06-11 04:02:05.000,Wooshin_Air_Consumption,7,0,154304,0
1067,2022-06-11 03:02:05.000,Wooshin_Air_Consumption,7,0,154304,0
1066,2022-06-11 02:02:06.000,Wooshin_Air_Consumption,7,0,154304,0
1065,2022-06-11 01:02:06.000,Wooshin_Air_Consumption,7,0,154304,0
1064,2022-06-11 00:05:04.000,Wooshin_Air_Consumption,7,0,154304,NULL
1063,2022-06-10 23:02:05.000,Wooshin_Air_Consumption,7,0,154304,8
1062,2022-06-10 22:02:05.000,Wooshin_Air_Consumption,7,223,154296,21
1061,2022-06-10 21:02:05.000,Wooshin_Air_Consumption,7,405,154275,23
1060,2022-06-10 20:02:05.000,Wooshin_Air_Consumption,7,345,154252,11
1059,2022-06-10 19:02:06.000,Wooshin_Air_Consumption,7,93,154241,22
1058,2022-06-10 18:02:05.000,Wooshin_Air_Consumption,7,368,154219,21
1057,2022-06-10 17:02:05.000,Wooshin_Air_Consumption,7,420,154198,15
1056,2022-06-10 16:02:05.000,Wooshin_Air_Consumption,7,337,154183,20
1055,2022-06-10 15:02:05.000,Wooshin_Air_Consumption,7,185,154163,NULL
1054,2022-06-10 14:02:05.000,Wooshin_Air_Consumption,7,34,154156,NULL
1053,2022-06-10 13:02:05.000,Wooshin_Air_Consumption,7,338,154138,NULL
1052,2022-06-10 12:02:05.000,Wooshin_Air_Consumption,7,266,154116,NULL
1051,2022-06-10 11:02:05.000,Wooshin_Air_Consumption,7,61,154105,NULL
1050,2022-06-10 10:02:05.000,Wooshin_Air_Consumption,7,325,154084,NULL
1049,2022-06-10 09:02:06.000,Wooshin_Air_Consumption,7,328,154063,NULL
1048,2022-06-10 08:02:05.000,Wooshin_Air_Consumption,7,370,154041,NULL
1047,2022-06-10 07:02:05.000,Wooshin_Air_Consumption,7,374,154025,NULL
1046,2022-06-10 06:02:05.000,Wooshin_Air_Consumption,7,147,154004,NULL
1045,2022-06-10 05:02:05.000,Wooshin_Air_Consumption,7,143,154001,NULL
1044,2022-06-10 04:02:05.000,Wooshin_Air_Consumption,7,46,153997,NULL
1043,2022-06-10 03:02:06.000,Wooshin_Air_Consumption,7,288,153993,NULL
1042,2022-06-10 02:02:05.000,Wooshin_Air_Consumption,7,339,153973,NULL
1040,2022-06-10 01:02:06.000,Wooshin_Air_Consumption,7,350,153952,NULL
1041,2022-06-10 00:05:04.000,Wooshin_Air_Consumption,7,280,153931,NULL
1039,2022-06-09 23:02:06.000,Wooshin_Air_Consumption,7,55,153913,NULL
1038,2022-06-09 22:02:08.000,Wooshin_Air_Consumption,7,355,153903,NULL
1037,2022-06-09 21:02:06.000,Wooshin_Air_Consumption,7,324,153885,NULL
1036,2022-06-09 20:02:06.000,Wooshin_Air_Consumption,7,418,153864,10
1035,2022-06-09 19:02:05.000,Wooshin_Air_Consumption,7,57,153854,19
1034,2022-06-09 18:02:05.000,Wooshin_Air_Consumption,7,258,153835,20
1033,2022-06-09 17:02:06.000,Wooshin_Air_Consumption,7,368,153815,13
1032,2022-06-09 16:02:05.000,Wooshin_Air_Consumption,7,198,153802,19
1031,2022-06-09 15:02:05.000,Wooshin_Air_Consumption,7,312,153783,7
1030,2022-06-09 14:02:05.000,Wooshin_Air_Consumption,7,11,153776,18
1029,2022-06-09 13:02:05.000,Wooshin_Air_Consumption,7,242,153758,20
1028,2022-06-09 12:02:05.000,Wooshin_Air_Consumption,7,378,153738,10
1027,2022-06-09 11:02:05.000,Wooshin_Air_Consumption,7,36,153728,20
1026,2022-06-09 10:02:05.000,Wooshin_Air_Consumption,7,399,153708,22
1025,2022-06-09 09:02:05.000,Wooshin_Air_Consumption,7,367,153686,22
1024,2022-06-09 08:02:05.000,Wooshin_Air_Consumption,7,384,153664,20
1023,2022-06-09 07:02:05.000,Wooshin_Air_Consumption,7,371,153644,23
1022,2022-06-09 06:02:06.000,Wooshin_Air_Consumption,7,113,153621,8
1021,2022-06-09 05:02:05.000,Wooshin_Air_Consumption,7,146,153613,8
1020,2022-06-09 04:02:05.000,Wooshin_Air_Consumption,7,110,153605,9
1019,2022-06-09 03:02:05.000,Wooshin_Air_Consumption,7,247,153596,21
1018,2022-06-09 02:02:06.000,Wooshin_Air_Consumption,7,415,153575,23
1017,2022-06-09 01:02:05.000,Wooshin_Air_Consumption,7,359,153552,22
1016,2022-06-09 00:05:06.000,Wooshin_Air_Consumption,7,541,153530,NULL
1015,2022-06-08 23:02:07.000,Wooshin_Air_Consumption,7,181,153508,14
1014,2022-06-08 22:02:05.000,Wooshin_Air_Consumption,7,521,153494,22
1013,2022-06-08 21:02:05.000,Wooshin_Air_Consumption,7,491,153472,23
1012,2022-06-08 20:02:05.000,Wooshin_Air_Consumption,7,326,153449,12
1011,2022-06-08 19:02:05.000,Wooshin_Air_Consumption,7,89,153437,21
1010,2022-06-08 18:02:05.000,Wooshin_Air_Consumption,7,401,153416,22
1009,2022-06-08 17:02:05.000,Wooshin_Air_Consumption,7,318,153394,17
1008,2022-06-08 16:02:09.000,Wooshin_Air_Consumption,7,301,153377,22
1007,2022-06-08 15:02:05.000,Wooshin_Air_Consumption,7,304,153355,12
1006,2022-06-08 14:02:05.000,Wooshin_Air_Consumption,7,101,153343,22
1005,2022-06-08 13:02:05.000,Wooshin_Air_Consumption,7,347,153321,24
1004,2022-06-08 12:02:05.000,Wooshin_Air_Consumption,7,383,153297,14
1003,2022-06-08 11:02:05.000,Wooshin_Air_Consumption,7,94,153283,23
1002,2022-06-08 10:02:05.000,Wooshin_Air_Consumption,7,291,153260,21
1001,2022-06-08 09:02:05.000,Wooshin_Air_Consumption,7,343,153239,21
1000,2022-06-08 08:02:05.000,Wooshin_Air_Consumption,7,333,153218,18
999,2022-06-08 07:02:08.000,Wooshin_Air_Consumption,7,376,153200,20
998,2022-06-08 06:02:09.000,Wooshin_Air_Consumption,7,80,153180,3
997,2022-06-08 05:02:05.000,Wooshin_Air_Consumption,7,77,153177,9
996,2022-06-08 04:02:05.000,Wooshin_Air_Consumption,7,208,153168,4
995,2022-06-08 03:02:05.000,Wooshin_Air_Consumption,7,208,153164,20
994,2022-06-08 02:02:05.000,Wooshin_Air_Consumption,7,347,153144,21
993,2022-06-08 01:02:05.000,Wooshin_Air_Consumption,7,292,153123,19
992,2022-06-08 00:05:04.000,Wooshin_Air_Consumption,7,314,153104,NULL
991,2022-06-07 23:02:05.000,Wooshin_Air_Consumption,7,18,153086,11
990,2022-06-07 22:02:05.000,Wooshin_Air_Consumption,7,283,153075,21
989,2022-06-07 21:02:05.000,Wooshin_Air_Consumption,7,379,153054,23
988,2022-06-07 20:02:05.000,Wooshin_Air_Consumption,7,181,153031,10
987,2022-06-07 19:02:05.000,Wooshin_Air_Consumption,7,6,153021,20
986,2022-06-07 18:02:05.000,Wooshin_Air_Consumption,7,376,153001,23
985,2022-06-07 17:02:05.000,Wooshin_Air_Consumption,7,376,152978,15
984,2022-06-07 16:02:05.000,Wooshin_Air_Consumption,7,463,152963,21
983,2022-06-07 15:02:05.000,Wooshin_Air_Consumption,7,357,152942,10
982,2022-06-07 14:02:05.000,Wooshin_Air_Consumption,7,1,152932,18
981,2022-06-07 13:02:05.000,Wooshin_Air_Consumption,7,252,152914,19
980,2022-06-07 12:02:05.000,Wooshin_Air_Consumption,7,447,152895,9
979,2022-06-07 11:02:05.000,Wooshin_Air_Consumption,7,9,152886,16
978,2022-06-07 10:02:09.000,Wooshin_Air_Consumption,7,337,152870,23
977,2022-06-07 09:02:05.000,Wooshin_Air_Consumption,7,346,152847,21
976,2022-06-07 08:02:06.000,Wooshin_Air_Consumption,7,288,152826,16
975,2022-06-07 07:02:05.000,Wooshin_Air_Consumption,7,434,152810,19
974,2022-06-07 06:02:05.000,Wooshin_Air_Consumption,7,47,152791,2
973,2022-06-07 05:02:05.000,Wooshin_Air_Consumption,7,0,152789,6
972,2022-06-07 04:02:05.000,Wooshin_Air_Consumption,7,55,152783,3
971,2022-06-07 03:02:05.000,Wooshin_Air_Consumption,7,118,152780,17
970,2022-06-07 02:02:05.000,Wooshin_Air_Consumption,7,422,152763,19
969,2022-06-07 01:02:05.000,Wooshin_Air_Consumption,7,280,152744,18
968,2022-06-07 00:05:06.000,Wooshin_Air_Consumption,7,194,152726,NULL
967,2022-06-06 23:02:05.000,Wooshin_Air_Consumption,7,92,152713,10
966,2022-06-06 22:02:05.000,Wooshin_Air_Consumption,7,375,152703,20
965,2022-06-06 21:02:05.000,Wooshin_Air_Consumption,7,255,152683,21
964,2022-06-06 20:02:05.000,Wooshin_Air_Consumption,7,451,152662,NULL
963,2022-06-06 19:02:05.000,Wooshin_Air_Consumption,7,13,152652,NULL
962,2022-06-06 18:02:06.000,Wooshin_Air_Consumption,7,354,152634,NULL
961,2022-06-06 17:02:05.000,Wooshin_Air_Consumption,7,318,152615,NULL
960,2022-06-06 16:02:06.000,Wooshin_Air_Consumption,7,335,152601,NULL
959,2022-06-06 15:02:05.000,Wooshin_Air_Consumption,7,271,152582,NULL
958,2022-06-06 14:02:05.000,Wooshin_Air_Consumption,7,2,152575,NULL
957,2022-06-06 13:02:05.000,Wooshin_Air_Consumption,7,310,152557,NULL
956,2022-06-06 12:02:05.000,Wooshin_Air_Consumption,7,287,152538,NULL
955,2022-06-06 11:02:05.000,Wooshin_Air_Consumption,7,1,152529,NULL
954,2022-06-06 10:02:07.000,Wooshin_Air_Consumption,7,343,152510,NULL
953,2022-06-06 09:02:05.000,Wooshin_Air_Consumption,7,359,152487,NULL
952,2022-06-06 08:02:05.000,Wooshin_Air_Consumption,7,270,152467,NULL
951,2022-06-06 07:02:05.000,Wooshin_Air_Consumption,7,457,152452,NULL
950,2022-06-06 06:02:05.000,Wooshin_Air_Consumption,7,92,152434,NULL
949,2022-06-05 05:02:05.000,Wooshin_Air_Consumption,7,30,152415,NULL
948,2022-06-05 04:02:05.000,Wooshin_Air_Consumption,7,462,152396,NULL
947,2022-06-05 03:02:05.000,Wooshin_Air_Consumption,7,191,152388,NULL
946,2022-06-05 02:02:05.000,Wooshin_Air_Consumption,7,295,152374,NULL
945,2022-06-05 01:02:05.000,Wooshin_Air_Consumption,7,345,152353,NULL
944,2022-06-05 00:05:04.000,Wooshin_Air_Consumption,7,263,152333,NULL
943,2022-06-04 23:02:05.000,Wooshin_Air_Consumption,7,61,152314,NULL
942,2022-06-04 22:02:05.000,Wooshin_Air_Consumption,7,375,152304,NULL
941,2022-06-04 21:02:05.000,Wooshin_Air_Consumption,7,386,152282,NULL
940,2022-06-04 20:02:05.000,Wooshin_Air_Consumption,7,462,152260,NULL
939,2022-06-04 19:02:05.000,Wooshin_Air_Consumption,7,67,152249,NULL
938,2022-06-04 18:02:05.000,Wooshin_Air_Consumption,7,372,152230,NULL
937,2022-06-04 17:02:05.000,Wooshin_Air_Consumption,7,123,152210,NULL
936,2022-06-04 16:02:05.000,Wooshin_Air_Consumption,7,109,152202,NULL
935,2022-06-04 15:02:05.000,Wooshin_Air_Consumption,7,351,152185,NULL
934,2022-06-04 14:02:05.000,Wooshin_Air_Consumption,7,0,152177,NULL
933,2022-06-04 13:02:08.000,Wooshin_Air_Consumption,7,343,152159,NULL
932,2022-06-04 12:02:07.000,Wooshin_Air_Consumption,7,326,152139,NULL
931,2022-06-04 11:02:05.000,Wooshin_Air_Consumption,7,0,152132,NULL
930,2022-06-04 10:02:05.000,Wooshin_Air_Consumption,7,370,152115,NULL
929,2022-06-04 09:02:05.000,Wooshin_Air_Consumption,7,367,152097,20
928,2022-06-04 08:02:05.000,Wooshin_Air_Consumption,7,383,152077,NULL
927,2022-06-04 07:02:05.000,Wooshin_Air_Consumption,7,291,152061,NULL
926,2022-06-04 06:02:05.000,Wooshin_Air_Consumption,7,42,152045,NULL
925,2022-06-04 05:02:05.000,Wooshin_Air_Consumption,7,259,152041,NULL
924,2022-06-04 04:02:05.000,Wooshin_Air_Consumption,7,325,152022,NULL
923,2022-06-04 03:02:05.000,Wooshin_Air_Consumption,7,495,152012,NULL
922,2022-06-04 02:02:05.000,Wooshin_Air_Consumption,7,475,151991,NULL
920,2022-06-04 01:02:05.000,Wooshin_Air_Consumption,7,322,151969,NULL
921,2022-06-04 00:05:04.000,Wooshin_Air_Consumption,7,408,151952,NULL
919,2022-06-03 23:02:05.000,Wooshin_Air_Consumption,7,164,151929,NULL
918,2022-06-03 22:02:05.000,Wooshin_Air_Consumption,7,359,151919,NULL
917,2022-06-03 21:02:05.000,Wooshin_Air_Consumption,7,296,151897,NULL
916,2022-06-03 20:02:05.000,Wooshin_Air_Consumption,7,353,151877,NULL
915,2022-06-03 19:02:07.000,Wooshin_Air_Consumption,7,0,151869,NULL
914,2022-06-03 18:02:05.000,Wooshin_Air_Consumption,7,320,151853,NULL
913,2022-06-03 17:02:05.000,Wooshin_Air_Consumption,7,295,151833,NULL
912,2022-06-03 16:02:05.000,Wooshin_Air_Consumption,7,303,151818,NULL
911,2022-06-03 15:02:05.000,Wooshin_Air_Consumption,7,471,151797,NULL
910,2022-06-03 14:02:05.000,Wooshin_Air_Consumption,7,88,151788,NULL
909,2022-06-03 13:02:06.000,Wooshin_Air_Consumption,7,351,151769,NULL
908,2022-06-03 12:02:05.000,Wooshin_Air_Consumption,7,382,151748,NULL
907,2022-06-03 11:02:05.000,Wooshin_Air_Consumption,7,3,151739,NULL
906,2022-06-03 10:02:06.000,Wooshin_Air_Consumption,7,337,151722,NULL
905,2022-06-03 09:41:15.000,Wooshin_Air_Consumption,7,283,151715,NULL
903,2022-06-03 09:02:09.000,Wooshin_Air_Consumption,7,274,151701,NULL
902,2022-06-03 08:02:07.000,Wooshin_Air_Consumption,7,289,151681,NULL
901,2022-06-03 07:02:05.000,Wooshin_Air_Consumption,7,326,151667,NULL
900,2022-06-03 06:02:05.000,Wooshin_Air_Consumption,7,55,151647,NULL
899,2022-06-03 05:02:05.000,Wooshin_Air_Consumption,7,347,151643,NULL
898,2022-06-03 04:02:05.000,Wooshin_Air_Consumption,7,467,151624,NULL
897,2022-06-03 03:02:07.000,Wooshin_Air_Consumption,7,266,151615,NULL
896,2022-06-03 02:02:05.000,Wooshin_Air_Consumption,7,297,151596,NULL
895,2022-06-03 01:02:05.000,Wooshin_Air_Consumption,7,339,151575,NULL
894,2022-06-03 00:05:04.000,Wooshin_Air_Consumption,7,337,151554,NULL
893,2022-06-02 23:02:05.000,Wooshin_Air_Consumption,7,168,151533,NULL
892,2022-06-02 22:02:05.000,Wooshin_Air_Consumption,7,441,151522,NULL
891,2022-06-02 21:02:05.000,Wooshin_Air_Consumption,7,250,151500,NULL
890,2022-06-02 20:02:05.000,Wooshin_Air_Consumption,7,494,151477,NULL
889,2022-06-02 19:02:05.000,Wooshin_Air_Consumption,7,46,151466,NULL
888,2022-06-02 18:02:05.000,Wooshin_Air_Consumption,7,367,151446,NULL
887,2022-06-02 17:02:05.000,Wooshin_Air_Consumption,7,383,151426,NULL
886,2022-06-02 16:02:06.000,Wooshin_Air_Consumption,7,533,151409,NULL
885,2022-06-02 15:02:05.000,Wooshin_Air_Consumption,7,364,151386,NULL
884,2022-06-02 14:02:05.000,Wooshin_Air_Consumption,7,43,151374,NULL
883,2022-06-02 13:02:05.000,Wooshin_Air_Consumption,7,372,151354,NULL
882,2022-06-02 12:02:05.000,Wooshin_Air_Consumption,7,392,151333,NULL
881,2022-06-02 11:02:07.000,Wooshin_Air_Consumption,7,47,151322,NULL
880,2022-06-02 10:04:32.000,Wooshin_Air_Consumption,7,272,151304,NULL
879,2022-06-02 09:02:29.000,Wooshin_Air_Consumption,7,305,151282,NULL
878,2022-06-02 08:02:05.000,Wooshin_Air_Consumption,7,322,151264,NULL
877,2022-06-02 07:02:05.000,Wooshin_Air_Consumption,7,296,151249,NULL
876,2022-06-02 06:02:05.000,Wooshin_Air_Consumption,7,80,151229,NULL
875,2022-06-02 05:02:05.000,Wooshin_Air_Consumption,7,441,151222,NULL
874,2022-06-02 04:02:06.000,Wooshin_Air_Consumption,7,354,151201,NULL
873,2022-06-02 03:02:05.000,Wooshin_Air_Consumption,7,192,151189,NULL
872,2022-06-02 02:02:05.000,Wooshin_Air_Consumption,7,401,151166,NULL
871,2022-06-02 01:02:05.000,Wooshin_Air_Consumption,7,318,151143,NULL
870,2022-06-02 00:05:04.000,Wooshin_Air_Consumption,7,330,151121,NULL
869,2022-06-01 23:02:05.000,Wooshin_Air_Consumption,7,304,151099,NULL
868,2022-06-01 22:02:05.000,Wooshin_Air_Consumption,7,584,151085,NULL
867,2022-06-01 21:02:05.000,Wooshin_Air_Consumption,7,325,151063,NULL
866,2022-06-01 20:02:06.000,Wooshin_Air_Consumption,7,393,151040,NULL
865,2022-06-01 19:02:05.000,Wooshin_Air_Consumption,7,25,151027,NULL
864,2022-06-01 18:02:05.000,Wooshin_Air_Consumption,7,495,151006,NULL
863,2022-06-01 17:02:05.000,Wooshin_Air_Consumption,7,309,150984,NULL
862,2022-06-01 16:02:05.000,Wooshin_Air_Consumption,7,466,150968,NULL
861,2022-06-01 15:02:05.000,Wooshin_Air_Consumption,7,312,150946,NULL
860,2022-06-01 14:02:05.000,Wooshin_Air_Consumption,7,63,150936,NULL
859,2022-06-01 13:02:06.000,Wooshin_Air_Consumption,7,354,150918,NULL
858,2022-05-31 21:02:06.000,Wooshin_Air_Consumption,7,79,150770,NULL
857,2022-05-31 20:02:05.000,Wooshin_Air_Consumption,7,181,150755,NULL
856,2022-05-31 19:38:27.000,Wooshin_Air_Consumption,7,35,150748,NULL
855,2022-05-31 11:23:33.000,Wooshin_Air_Consumption,7,553,150655,NULL
854,2022-05-31 10:04:11.000,Wooshin_Air_Consumption,7,469,150635,NULL
853,2022-05-31 09:20:50.000,Wooshin_Air_Consumption,7,321,150611,NULL
852,2022-05-31 04:34:43.000,Wooshin_Air_Consumption,7,63,150570,NULL
851,2022-05-31 03:32:55.000,Wooshin_Air_Consumption,7,140,150564,NULL
850,2022-05-30 23:21:07.000,Wooshin_Air_Consumption,7,113,150487,NULL
849,2022-05-30 19:43:25.000,Wooshin_Air_Consumption,7,88,150419,NULL
848,2022-05-30 17:41:24.000,Wooshin_Air_Consumption,7,163,150377,NULL
847,2022-05-30 15:44:12.000,Wooshin_Air_Consumption,7,337,150335,NULL
846,2022-05-30 14:30:49.000,Wooshin_Air_Consumption,7,85,150327,NULL
845,2022-05-30 13:43:12.000,Wooshin_Air_Consumption,7,295,150308,NULL
844,2022-05-30 12:02:05.000,Wooshin_Air_Consumption,7,436,150286,NULL
843,2022-05-30 11:02:05.000,Wooshin_Air_Consumption,7,73,150275,NULL
842,2022-05-30 10:02:05.000,Wooshin_Air_Consumption,7,292,150257,NULL
841,2022-05-30 09:02:05.000,Wooshin_Air_Consumption,7,374,150237,NULL
840,2022-05-30 08:02:05.000,Wooshin_Air_Consumption,7,471,150214,NULL
839,2022-05-30 07:02:05.000,Wooshin_Air_Consumption,7,384,150197,NULL
838,2022-05-30 06:02:05.000,Wooshin_Air_Consumption,7,94,150175,NULL
837,2022-05-29 05:02:06.000,Wooshin_Air_Consumption,7,233,150169,NULL
836,2022-05-29 04:02:05.000,Wooshin_Air_Consumption,7,296,150148,NULL
835,2022-05-29 03:02:05.000,Wooshin_Air_Consumption,7,584,150140,NULL
834,2022-05-29 02:02:05.000,Wooshin_Air_Consumption,7,249,150119,NULL
833,2022-05-29 01:02:05.000,Wooshin_Air_Consumption,7,310,150100,NULL
832,2022-05-29 00:05:04.000,Wooshin_Air_Consumption,7,350,150080,NULL
831,2022-05-28 23:02:05.000,Wooshin_Air_Consumption,7,154,150060,NULL
830,2022-05-28 22:02:05.000,Wooshin_Air_Consumption,7,364,150048,NULL
829,2022-05-28 21:02:06.000,Wooshin_Air_Consumption,7,291,150027,NULL
828,2022-05-28 20:02:06.000,Wooshin_Air_Consumption,7,334,150005,NULL
827,2022-05-28 19:02:05.000,Wooshin_Air_Consumption,7,79,149992,NULL
826,2022-05-28 18:02:05.000,Wooshin_Air_Consumption,7,383,149974,NULL
825,2022-05-28 17:02:09.000,Wooshin_Air_Consumption,7,342,149951,NULL
824,2022-05-28 16:02:05.000,Wooshin_Air_Consumption,7,349,149933,NULL
823,2022-05-28 15:02:05.000,Wooshin_Air_Consumption,7,326,149909,NULL
822,2022-05-28 14:02:05.000,Wooshin_Air_Consumption,7,111,149895,NULL
821,2022-05-28 13:02:06.000,Wooshin_Air_Consumption,7,312,149874,NULL
820,2022-05-28 12:02:05.000,Wooshin_Air_Consumption,7,447,149851,NULL
819,2022-05-28 11:02:05.000,Wooshin_Air_Consumption,7,56,149838,NULL
818,2022-05-28 10:02:05.000,Wooshin_Air_Consumption,7,357,149817,NULL
817,2022-05-28 09:02:05.000,Wooshin_Air_Consumption,7,306,149794,NULL
816,2022-05-28 08:02:05.000,Wooshin_Air_Consumption,7,375,149772,NULL
815,2022-05-28 07:02:05.000,Wooshin_Air_Consumption,7,296,149756,NULL
814,2022-05-28 06:02:05.000,Wooshin_Air_Consumption,7,200,149737,NULL
813,2022-05-27 05:02:05.000,Wooshin_Air_Consumption,7,237,149732,NULL
812,2022-05-27 04:02:05.000,Wooshin_Air_Consumption,7,347,149710,NULL
811,2022-05-27 03:02:05.000,Wooshin_Air_Consumption,7,193,149701,NULL
810,2022-05-27 02:02:05.000,Wooshin_Air_Consumption,7,334,149679,NULL
809,2022-05-27 01:02:05.000,Wooshin_Air_Consumption,7,354,149656,NULL
808,2022-05-27 00:05:04.000,Wooshin_Air_Consumption,7,275,149635,NULL
807,2022-05-26 23:02:05.000,Wooshin_Air_Consumption,7,125,149612,NULL
806,2022-05-26 22:02:05.000,Wooshin_Air_Consumption,7,383,149601,NULL
805,2022-05-26 21:02:06.000,Wooshin_Air_Consumption,7,341,149578,NULL
804,2022-05-26 20:02:05.000,Wooshin_Air_Consumption,7,374,149555,NULL
803,2022-05-26 19:02:05.000,Wooshin_Air_Consumption,7,93,149543,NULL
802,2022-05-26 18:02:05.000,Wooshin_Air_Consumption,7,306,149524,NULL
801,2022-05-26 17:02:05.000,Wooshin_Air_Consumption,7,405,149509,NULL
800,2022-05-26 16:02:06.000,Wooshin_Air_Consumption,7,501,149492,NULL
799,2022-05-26 15:02:05.000,Wooshin_Air_Consumption,7,216,149475,NULL
798,2022-05-26 14:02:07.000,Wooshin_Air_Consumption,7,105,149465,NULL
797,2022-05-26 13:02:06.000,Wooshin_Air_Consumption,7,370,149444,NULL
796,2022-05-26 12:02:06.000,Wooshin_Air_Consumption,7,449,149421,NULL
795,2022-05-26 11:02:05.000,Wooshin_Air_Consumption,7,10,149410,NULL
794,2022-05-26 10:02:05.000,Wooshin_Air_Consumption,7,350,149390,NULL
793,2022-05-26 09:02:05.000,Wooshin_Air_Consumption,7,280,149367,NULL
792,2022-05-26 08:02:05.000,Wooshin_Air_Consumption,7,449,149345,NULL
791,2022-05-26 07:02:05.000,Wooshin_Air_Consumption,7,366,149328,NULL
790,2022-05-26 06:02:05.000,Wooshin_Air_Consumption,7,206,149307,NULL
789,2022-05-26 05:02:05.000,Wooshin_Air_Consumption,7,409,149303,NULL
788,2022-05-26 04:02:05.000,Wooshin_Air_Consumption,7,347,149282,NULL
787,2022-05-26 03:02:05.000,Wooshin_Air_Consumption,7,243,149274,NULL
786,2022-05-26 02:02:05.000,Wooshin_Air_Consumption,7,380,149252,NULL
785,2022-05-26 01:02:05.000,Wooshin_Air_Consumption,7,328,149231,NULL
784,2022-05-26 00:05:04.000,Wooshin_Air_Consumption,7,322,149210,NULL
783,2022-05-25 23:02:05.000,Wooshin_Air_Consumption,7,84,149190,NULL
782,2022-05-25 22:02:05.000,Wooshin_Air_Consumption,7,451,149180,NULL
781,2022-05-25 21:02:05.000,Wooshin_Air_Consumption,7,351,149158,NULL
780,2022-05-25 20:02:05.000,Wooshin_Air_Consumption,7,371,149135,NULL
779,2022-05-25 19:02:05.000,Wooshin_Air_Consumption,7,48,149124,NULL
778,2022-05-25 18:02:05.000,Wooshin_Air_Consumption,7,347,149104,NULL
777,2022-05-25 17:02:06.000,Wooshin_Air_Consumption,7,332,149080,NULL
776,2022-05-25 16:02:05.000,Wooshin_Air_Consumption,7,367,149062,NULL
775,2022-05-25 15:02:05.000,Wooshin_Air_Consumption,7,569,149039,NULL
774,2022-05-25 14:02:05.000,Wooshin_Air_Consumption,7,90,149027,NULL
773,2022-05-25 13:02:05.000,Wooshin_Air_Consumption,7,334,149006,NULL
772,2022-05-25 12:02:05.000,Wooshin_Air_Consumption,7,366,148986,NULL
771,2022-05-25 11:02:05.000,Wooshin_Air_Consumption,7,50,148976,NULL
770,2022-05-25 10:02:05.000,Wooshin_Air_Consumption,7,364,148955,NULL
769,2022-05-25 09:02:05.000,Wooshin_Air_Consumption,7,301,148932,NULL
768,2022-05-25 08:02:05.000,Wooshin_Air_Consumption,7,378,148909,NULL
767,2022-05-25 07:02:06.000,Wooshin_Air_Consumption,7,379,148893,NULL
766,2022-05-25 06:02:05.000,Wooshin_Air_Consumption,7,209,148872,NULL
765,2022-05-24 05:02:06.000,Wooshin_Air_Consumption,7,246,148848,NULL
764,2022-05-24 04:02:05.000,Wooshin_Air_Consumption,7,422,148825,NULL
763,2022-05-24 03:02:05.000,Wooshin_Air_Consumption,7,317,148817,NULL
762,2022-05-24 02:02:05.000,Wooshin_Air_Consumption,7,372,148794,NULL
761,2022-05-24 01:02:05.000,Wooshin_Air_Consumption,7,378,148772,NULL
760,2022-05-24 00:05:04.000,Wooshin_Air_Consumption,7,387,148751,NULL
759,2022-05-23 23:02:05.000,Wooshin_Air_Consumption,7,44,148731,NULL
758,2022-05-23 22:02:05.000,Wooshin_Air_Consumption,7,368,148722,NULL
757,2022-05-23 21:02:06.000,Wooshin_Air_Consumption,7,292,148699,NULL
756,2022-05-23 20:02:05.000,Wooshin_Air_Consumption,7,438,148675,NULL
755,2022-05-23 19:02:05.000,Wooshin_Air_Consumption,7,101,148663,NULL
754,2022-05-23 18:02:05.000,Wooshin_Air_Consumption,7,475,148641,NULL
753,2022-05-23 17:02:05.000,Wooshin_Air_Consumption,7,386,148618,NULL
752,2022-05-23 16:02:05.000,Wooshin_Air_Consumption,7,370,148600,NULL
751,2022-05-23 15:02:05.000,Wooshin_Air_Consumption,7,355,148576,NULL
750,2022-05-23 14:02:05.000,Wooshin_Air_Consumption,7,73,148564,NULL
749,2022-05-23 13:02:05.000,Wooshin_Air_Consumption,7,285,148546,NULL
748,2022-05-23 12:02:05.000,Wooshin_Air_Consumption,7,260,148525,NULL
747,2022-05-23 11:02:05.000,Wooshin_Air_Consumption,7,0,148519,NULL
746,2022-05-23 10:02:05.000,Wooshin_Air_Consumption,7,337,148508,NULL
745,2022-05-23 09:02:06.000,Wooshin_Air_Consumption,7,333,148488,NULL
744,2022-05-23 08:02:05.000,Wooshin_Air_Consumption,7,245,148468,NULL
743,2022-05-23 07:02:06.000,Wooshin_Air_Consumption,7,225,148456,NULL
742,2022-05-23 06:02:05.000,Wooshin_Air_Consumption,7,27,148441,NULL
741,2022-05-23 05:02:06.000,Wooshin_Air_Consumption,7,134,148437,NULL
740,2022-05-23 04:02:06.000,Wooshin_Air_Consumption,7,363,148416,NULL
739,2022-05-23 03:02:06.000,Wooshin_Air_Consumption,7,220,148406,NULL
738,2022-05-23 02:02:05.000,Wooshin_Air_Consumption,7,337,148384,NULL
737,2022-05-23 01:02:06.000,Wooshin_Air_Consumption,7,491,148362,NULL
736,2022-05-23 00:05:05.000,Wooshin_Air_Consumption,7,386,148340,NULL
735,2022-05-22 23:02:05.000,Wooshin_Air_Consumption,7,11,148320,NULL
734,2022-05-22 22:02:05.000,Wooshin_Air_Consumption,7,239,148309,NULL
733,2022-05-22 21:02:06.000,Wooshin_Air_Consumption,7,372,148289,NULL
732,2022-05-22 20:02:06.000,Wooshin_Air_Consumption,7,353,148267,NULL
731,2022-05-22 19:02:05.000,Wooshin_Air_Consumption,7,64,148256,NULL
730,2022-05-22 18:02:05.000,Wooshin_Air_Consumption,7,474,148235,NULL
729,2022-05-22 17:02:05.000,Wooshin_Air_Consumption,7,322,148212,NULL
728,2022-05-22 16:02:05.000,Wooshin_Air_Consumption,7,413,148194,NULL
727,2022-05-22 15:02:05.000,Wooshin_Air_Consumption,7,332,148171,NULL
726,2022-05-22 14:02:06.000,Wooshin_Air_Consumption,7,88,148159,NULL
725,2022-05-22 13:02:06.000,Wooshin_Air_Consumption,7,345,148138,NULL
724,2022-05-22 12:02:06.000,Wooshin_Air_Consumption,7,357,148115,NULL
723,2022-05-22 11:02:05.000,Wooshin_Air_Consumption,7,56,148105,NULL
722,2022-05-22 10:02:07.000,Wooshin_Air_Consumption,7,233,148084,NULL
721,2022-05-22 09:02:05.000,Wooshin_Air_Consumption,7,359,148063,NULL
720,2022-05-22 08:02:05.000,Wooshin_Air_Consumption,7,345,148041,NULL
719,2022-05-22 07:02:05.000,Wooshin_Air_Consumption,7,233,148026,NULL
718,2022-05-22 06:02:05.000,Wooshin_Air_Consumption,7,19,148011,NULL
717,2022-05-22 05:02:06.000,Wooshin_Air_Consumption,7,158,148007,NULL
716,2022-05-22 04:02:05.000,Wooshin_Air_Consumption,7,317,147987,NULL
715,2022-05-22 03:02:06.000,Wooshin_Air_Consumption,7,322,147978,NULL
714,2022-05-22 02:02:05.000,Wooshin_Air_Consumption,7,247,147956,NULL
713,2022-05-22 01:02:05.000,Wooshin_Air_Consumption,7,486,147935,NULL
712,2022-05-22 00:05:04.000,Wooshin_Air_Consumption,7,335,147914,NULL
711,2022-05-21 23:02:06.000,Wooshin_Air_Consumption,7,121,147892,NULL
710,2022-05-21 22:02:05.000,Wooshin_Air_Consumption,7,341,147881,NULL
709,2022-05-21 21:02:06.000,Wooshin_Air_Consumption,7,317,147860,NULL
708,2022-05-21 20:02:05.000,Wooshin_Air_Consumption,7,338,147838,NULL
707,2022-05-21 19:02:05.000,Wooshin_Air_Consumption,7,90,147828,NULL
706,2022-05-21 18:02:06.000,Wooshin_Air_Consumption,7,441,147808,NULL
705,2022-05-21 17:02:05.000,Wooshin_Air_Consumption,7,305,147787,NULL
704,2022-05-21 16:02:06.000,Wooshin_Air_Consumption,7,490,147771,NULL
703,2022-05-21 15:02:05.000,Wooshin_Air_Consumption,7,308,147750,NULL
702,2022-05-21 14:02:06.000,Wooshin_Air_Consumption,7,1,147741,NULL
701,2022-05-21 13:02:05.000,Wooshin_Air_Consumption,7,220,147727,NULL
700,2022-05-21 12:02:05.000,Wooshin_Air_Consumption,7,288,147706,NULL
699,2022-05-21 11:02:05.000,Wooshin_Air_Consumption,7,44,147695,NULL
698,2022-05-21 10:02:05.000,Wooshin_Air_Consumption,7,392,147677,NULL
697,2022-05-21 09:02:05.000,Wooshin_Air_Consumption,7,415,147655,NULL
696,2022-05-21 08:02:06.000,Wooshin_Air_Consumption,7,584,147635,NULL
695,2022-05-21 07:02:05.000,Wooshin_Air_Consumption,7,309,147619,NULL
694,2022-05-21 06:02:05.000,Wooshin_Air_Consumption,7,152,147600,NULL
693,2022-05-21 05:02:05.000,Wooshin_Air_Consumption,7,197,147595,NULL
692,2022-05-21 04:02:05.000,Wooshin_Air_Consumption,7,318,147583,NULL
691,2022-05-21 03:02:05.000,Wooshin_Air_Consumption,7,167,147577,NULL
690,2022-05-21 02:02:05.000,Wooshin_Air_Consumption,7,322,147557,NULL
689,2022-05-21 01:02:06.000,Wooshin_Air_Consumption,7,354,147537,NULL
688,2022-05-21 00:05:04.000,Wooshin_Air_Consumption,7,333,147516,NULL
687,2022-05-20 23:02:05.000,Wooshin_Air_Consumption,7,159,147496,NULL
686,2022-05-20 22:02:05.000,Wooshin_Air_Consumption,7,363,147487,NULL
685,2022-05-20 21:02:05.000,Wooshin_Air_Consumption,7,175,147479,NULL
684,2022-05-20 20:02:05.000,Wooshin_Air_Consumption,7,463,147461,NULL
683,2022-05-20 19:02:06.000,Wooshin_Air_Consumption,7,52,147453,NULL
682,2022-05-20 18:02:05.000,Wooshin_Air_Consumption,7,479,147434,NULL
681,2022-05-20 17:02:06.000,Wooshin_Air_Consumption,7,194,147414,NULL
680,2022-05-20 16:02:05.000,Wooshin_Air_Consumption,7,245,147398,NULL
679,2022-05-20 15:02:05.000,Wooshin_Air_Consumption,7,325,147377,NULL
678,2022-05-20 14:02:05.000,Wooshin_Air_Consumption,7,52,147366,NULL
677,2022-05-20 13:02:05.000,Wooshin_Air_Consumption,7,418,147346,NULL
676,2022-05-20 12:02:07.000,Wooshin_Air_Consumption,7,407,147325,NULL
675,2022-05-20 11:02:05.000,Wooshin_Air_Consumption,7,1,147315,NULL
674,2022-05-20 10:02:06.000,Wooshin_Air_Consumption,7,484,147296,NULL
673,2022-05-20 09:02:05.000,Wooshin_Air_Consumption,7,303,147275,NULL
672,2022-05-20 08:02:06.000,Wooshin_Air_Consumption,7,277,147257,NULL
671,2022-05-20 07:02:05.000,Wooshin_Air_Consumption,7,293,147243,NULL
670,2022-05-20 06:02:05.000,Wooshin_Air_Consumption,7,131,147223,NULL
669,2022-05-20 05:02:05.000,Wooshin_Air_Consumption,7,338,147219,NULL
668,2022-05-20 04:02:18.000,Wooshin_Air_Consumption,7,491,147198,NULL
667,2022-05-20 03:02:05.000,Wooshin_Air_Consumption,7,289,147189,NULL
666,2022-05-20 02:02:05.000,Wooshin_Air_Consumption,7,370,147167,NULL
665,2022-05-20 01:02:05.000,Wooshin_Air_Consumption,7,310,147144,NULL
664,2022-05-20 00:05:04.000,Wooshin_Air_Consumption,7,343,147121,NULL
663,2022-05-19 23:02:05.000,Wooshin_Air_Consumption,7,150,147098,NULL
662,2022-05-19 22:02:05.000,Wooshin_Air_Consumption,7,313,147084,NULL
661,2022-05-19 21:02:05.000,Wooshin_Air_Consumption,7,397,147061,NULL
660,2022-05-19 20:02:07.000,Wooshin_Air_Consumption,7,536,147040,NULL
659,2022-05-19 19:02:05.000,Wooshin_Air_Consumption,7,111,147026,NULL
658,2022-05-19 18:02:05.000,Wooshin_Air_Consumption,7,330,147006,NULL
657,2022-05-19 17:02:05.000,Wooshin_Air_Consumption,7,304,146986,NULL
656,2022-05-19 16:02:05.000,Wooshin_Air_Consumption,7,396,146968,NULL
655,2022-05-19 15:02:05.000,Wooshin_Air_Consumption,7,474,146947,NULL
654,2022-05-19 14:02:05.000,Wooshin_Air_Consumption,7,104,146935,NULL
653,2022-05-19 13:02:05.000,Wooshin_Air_Consumption,7,374,146914,NULL
652,2022-05-19 12:02:05.000,Wooshin_Air_Consumption,7,401,146891,NULL
651,2022-05-19 11:02:05.000,Wooshin_Air_Consumption,7,67,146877,NULL
650,2022-05-19 10:02:05.000,Wooshin_Air_Consumption,7,392,146857,NULL
649,2022-05-19 09:02:05.000,Wooshin_Air_Consumption,7,357,146835,NULL
648,2022-05-19 08:02:07.000,Wooshin_Air_Consumption,7,347,146812,NULL
647,2022-05-19 07:02:05.000,Wooshin_Air_Consumption,7,418,146795,NULL
646,2022-05-19 06:02:05.000,Wooshin_Air_Consumption,7,171,146776,NULL
645,2022-05-19 05:02:05.000,Wooshin_Air_Consumption,7,175,146769,NULL
644,2022-05-19 04:02:05.000,Wooshin_Air_Consumption,7,354,146749,NULL
643,2022-05-19 03:02:06.000,Wooshin_Air_Consumption,7,168,146743,NULL
642,2022-05-19 02:02:05.000,Wooshin_Air_Consumption,7,325,146721,NULL
641,2022-05-19 01:02:06.000,Wooshin_Air_Consumption,7,451,146698,NULL
640,2022-05-19 00:05:04.000,Wooshin_Air_Consumption,7,313,146676,NULL
639,2022-05-18 23:02:05.000,Wooshin_Air_Consumption,7,134,146653,NULL
638,2022-05-18 22:02:05.000,Wooshin_Air_Consumption,7,345,146640,NULL
637,2022-05-18 21:02:05.000,Wooshin_Air_Consumption,7,333,146617,NULL
636,2022-05-18 20:02:05.000,Wooshin_Air_Consumption,7,320,146595,NULL
635,2022-05-18 19:02:05.000,Wooshin_Air_Consumption,7,97,146582,NULL
634,2022-05-18 18:02:05.000,Wooshin_Air_Consumption,7,517,146560,NULL
633,2022-05-18 17:02:06.000,Wooshin_Air_Consumption,7,316,146537,NULL
632,2022-05-18 16:02:05.000,Wooshin_Air_Consumption,7,393,146520,NULL
631,2022-05-18 15:02:05.000,Wooshin_Air_Consumption,7,341,146498,NULL
630,2022-05-18 14:02:06.000,Wooshin_Air_Consumption,7,134,146486,NULL
629,2022-05-18 13:02:05.000,Wooshin_Air_Consumption,7,387,146465,NULL
628,2022-05-18 12:02:05.000,Wooshin_Air_Consumption,7,389,146444,NULL
627,2022-05-18 11:02:09.000,Wooshin_Air_Consumption,7,118,146431,NULL
626,2022-05-18 10:02:05.000,Wooshin_Air_Consumption,7,300,146412,NULL
625,2022-05-18 09:02:05.000,Wooshin_Air_Consumption,7,471,146391,NULL
624,2022-05-18 08:02:05.000,Wooshin_Air_Consumption,7,409,146368,NULL
623,2022-05-18 07:02:05.000,Wooshin_Air_Consumption,7,382,146350,NULL
622,2022-05-18 06:02:06.000,Wooshin_Air_Consumption,7,121,146330,NULL
621,2022-05-18 05:02:05.000,Wooshin_Air_Consumption,7,413,146323,NULL
620,2022-05-18 04:02:05.000,Wooshin_Air_Consumption,7,304,146302,NULL
619,2022-05-18 03:02:05.000,Wooshin_Air_Consumption,7,263,146292,NULL
618,2022-05-18 02:02:05.000,Wooshin_Air_Consumption,7,288,146270,NULL
617,2022-05-18 01:02:05.000,Wooshin_Air_Consumption,7,479,146248,NULL
616,2022-05-18 00:05:04.000,Wooshin_Air_Consumption,7,380,146227,NULL
615,2022-05-17 23:02:05.000,Wooshin_Air_Consumption,7,151,146205,NULL
614,2022-05-17 22:02:06.000,Wooshin_Air_Consumption,7,496,146191,NULL
613,2022-05-17 21:02:06.000,Wooshin_Air_Consumption,7,322,146170,NULL
612,2022-05-17 20:02:06.000,Wooshin_Air_Consumption,7,380,146149,NULL
611,2022-05-17 19:02:05.000,Wooshin_Air_Consumption,7,115,146137,NULL
610,2022-05-17 18:02:06.000,Wooshin_Air_Consumption,7,330,146118,NULL
609,2022-05-17 17:02:05.000,Wooshin_Air_Consumption,7,417,146099,NULL
608,2022-05-17 16:02:05.000,Wooshin_Air_Consumption,7,353,146083,NULL
607,2022-05-17 15:02:05.000,Wooshin_Air_Consumption,7,540,146061,NULL
606,2022-05-17 14:02:05.000,Wooshin_Air_Consumption,7,63,146050,NULL
605,2022-05-17 13:02:06.000,Wooshin_Air_Consumption,7,359,146033,NULL
604,2022-05-17 12:02:05.000,Wooshin_Air_Consumption,7,313,146013,NULL
603,2022-05-17 11:02:05.000,Wooshin_Air_Consumption,7,96,146003,NULL
602,2022-05-17 10:02:05.000,Wooshin_Air_Consumption,7,255,145985,NULL
601,2022-05-17 09:02:05.000,Wooshin_Air_Consumption,7,407,145963,NULL
600,2022-05-17 08:02:05.000,Wooshin_Air_Consumption,7,478,145939,NULL
599,2022-05-17 07:02:05.000,Wooshin_Air_Consumption,7,322,145922,NULL
598,2022-05-17 06:02:05.000,Wooshin_Air_Consumption,7,129,145902,NULL
597,2022-05-17 05:02:05.000,Wooshin_Air_Consumption,7,0,145898,NULL
596,2022-05-17 04:02:05.000,Wooshin_Air_Consumption,7,0,145898,NULL
595,2022-05-17 03:02:05.000,Wooshin_Air_Consumption,7,0,145898,NULL
594,2022-05-17 02:02:06.000,Wooshin_Air_Consumption,7,0,145898,NULL
592,2022-05-17 01:02:05.000,Wooshin_Air_Consumption,7,0,145898,NULL
593,2022-05-17 00:05:04.000,Wooshin_Air_Consumption,7,0,145898,NULL
591,2022-05-16 23:02:05.000,Wooshin_Air_Consumption,7,0,145898,NULL
590,2022-05-16 22:02:05.000,Wooshin_Air_Consumption,7,0,145898,NULL
589,2022-05-16 21:02:05.000,Wooshin_Air_Consumption,7,0,145898,NULL
588,2022-05-16 20:02:05.000,Wooshin_Air_Consumption,7,0,145898,NULL
587,2022-05-16 19:02:05.000,Wooshin_Air_Consumption,7,0,145898,NULL
586,2022-05-16 18:02:06.000,Wooshin_Air_Consumption,7,0,145898,NULL
585,2022-05-16 17:02:05.000,Wooshin_Air_Consumption,7,3,145898,NULL
584,2022-05-16 16:02:05.000,Wooshin_Air_Consumption,7,0,145895,NULL
583,2022-05-16 15:02:05.000,Wooshin_Air_Consumption,7,0,145895,NULL
582,2022-05-16 14:02:05.000,Wooshin_Air_Consumption,7,0,145895,NULL
581,2022-05-16 13:02:05.000,Wooshin_Air_Consumption,7,0,145895,NULL
580,2022-05-16 12:02:05.000,Wooshin_Air_Consumption,7,0,145895,NULL
579,2022-05-16 11:02:05.000,Wooshin_Air_Consumption,7,0,145895,NULL
578,2022-05-16 10:02:05.000,Wooshin_Air_Consumption,7,0,145895,NULL
577,2022-05-16 09:02:05.000,Wooshin_Air_Consumption,7,0,145895,NULL
576,2022-05-16 08:02:06.000,Wooshin_Air_Consumption,7,0,145895,NULL
575,2022-05-16 07:02:05.000,Wooshin_Air_Consumption,7,0,145895,NULL
574,2022-05-16 06:02:05.000,Wooshin_Air_Consumption,7,0,145895,NULL
573,2022-05-16 05:02:05.000,Wooshin_Air_Consumption,7,0,145895,NULL
572,2022-05-16 04:02:06.000,Wooshin_Air_Consumption,7,0,145895,NULL
571,2022-05-16 03:02:05.000,Wooshin_Air_Consumption,7,0,145895,NULL
570,2022-05-16 02:02:05.000,Wooshin_Air_Consumption,7,0,145895,NULL
569,2022-05-16 01:02:05.000,Wooshin_Air_Consumption,7,0,145895,NULL
568,2022-05-16 00:05:04.000,Wooshin_Air_Consumption,7,0,145895,NULL
567,2022-05-15 23:02:05.000,Wooshin_Air_Consumption,7,0,145895,NULL
566,2022-05-15 22:02:05.000,Wooshin_Air_Consumption,7,0,145895,NULL
565,2022-05-15 21:02:05.000,Wooshin_Air_Consumption,7,0,145895,NULL
564,2022-05-15 20:02:05.000,Wooshin_Air_Consumption,7,0,145895,NULL
563,2022-05-15 19:02:07.000,Wooshin_Air_Consumption,7,0,145895,NULL
562,2022-05-15 18:02:05.000,Wooshin_Air_Consumption,7,0,145895,NULL
561,2022-05-15 17:02:05.000,Wooshin_Air_Consumption,7,0,145895,NULL
560,2022-05-15 16:02:05.000,Wooshin_Air_Consumption,7,0,145895,NULL
559,2022-05-15 15:02:05.000,Wooshin_Air_Consumption,7,0,145895,NULL
558,2022-05-15 14:02:05.000,Wooshin_Air_Consumption,7,0,145895,NULL
557,2022-05-15 13:02:05.000,Wooshin_Air_Consumption,7,0,145895,NULL
556,2022-05-15 12:02:05.000,Wooshin_Air_Consumption,7,0,145894,NULL
555,2022-05-15 11:02:05.000,Wooshin_Air_Consumption,7,0,145893,NULL
554,2022-05-15 10:02:05.000,Wooshin_Air_Consumption,7,0,145892,NULL
553,2022-05-15 09:02:05.000,Wooshin_Air_Consumption,7,11,145891,NULL
552,2022-05-15 08:02:05.000,Wooshin_Air_Consumption,7,0,145889,NULL
551,2022-05-15 07:02:05.000,Wooshin_Air_Consumption,7,0,145889,NULL
550,2022-05-15 06:02:05.000,Wooshin_Air_Consumption,7,0,145889,NULL
549,2022-05-15 05:02:05.000,Wooshin_Air_Consumption,7,123,145888,NULL
548,2022-05-15 04:02:05.000,Wooshin_Air_Consumption,7,350,145866,NULL
547,2022-05-15 03:02:06.000,Wooshin_Air_Consumption,7,96,145855,NULL
546,2022-05-15 02:02:05.000,Wooshin_Air_Consumption,7,291,145833,NULL
545,2022-05-15 01:02:06.000,Wooshin_Air_Consumption,7,363,145811,NULL
544,2022-05-15 00:05:04.000,Wooshin_Air_Consumption,7,372,145789,NULL
543,2022-05-14 23:02:05.000,Wooshin_Air_Consumption,7,135,145767,NULL
542,2022-05-14 22:02:05.000,Wooshin_Air_Consumption,7,309,145755,NULL
541,2022-05-14 21:02:05.000,Wooshin_Air_Consumption,7,511,145733,NULL
540,2022-05-14 20:02:05.000,Wooshin_Air_Consumption,7,362,145710,NULL
539,2022-05-14 19:02:05.000,Wooshin_Air_Consumption,7,119,145697,NULL
538,2022-05-14 18:02:06.000,Wooshin_Air_Consumption,7,391,145677,NULL
537,2022-05-14 17:02:05.000,Wooshin_Air_Consumption,7,330,145655,NULL
536,2022-05-14 16:02:05.000,Wooshin_Air_Consumption,7,404,145639,NULL
535,2022-05-14 15:02:06.000,Wooshin_Air_Consumption,7,357,145616,NULL
534,2022-05-14 14:02:05.000,Wooshin_Air_Consumption,7,63,145607,NULL
533,2022-05-14 13:02:06.000,Wooshin_Air_Consumption,7,335,145587,NULL
532,2022-05-14 12:02:05.000,Wooshin_Air_Consumption,7,405,145565,NULL
531,2022-05-14 11:02:05.000,Wooshin_Air_Consumption,7,166,145553,NULL
530,2022-05-14 10:02:05.000,Wooshin_Air_Consumption,7,524,145531,NULL
529,2022-05-14 09:02:05.000,Wooshin_Air_Consumption,7,513,145508,NULL
528,2022-05-14 08:02:05.000,Wooshin_Air_Consumption,7,299,145485,NULL
527,2022-05-14 07:02:05.000,Wooshin_Air_Consumption,7,299,145468,NULL
526,2022-05-14 06:02:05.000,Wooshin_Air_Consumption,7,93,145446,NULL
525,2022-05-14 05:02:07.000,Wooshin_Air_Consumption,7,321,145441,NULL
524,2022-05-14 04:02:05.000,Wooshin_Air_Consumption,7,262,145420,NULL
523,2022-05-14 03:02:06.000,Wooshin_Air_Consumption,7,217,145410,NULL
522,2022-05-14 02:02:05.000,Wooshin_Air_Consumption,7,361,145388,NULL
521,2022-05-14 01:02:06.000,Wooshin_Air_Consumption,7,467,145367,NULL
520,2022-05-14 00:05:04.000,Wooshin_Air_Consumption,7,303,145346,NULL
519,2022-05-13 23:02:06.000,Wooshin_Air_Consumption,7,76,145326,NULL
518,2022-05-13 22:02:05.000,Wooshin_Air_Consumption,7,291,145314,NULL
517,2022-05-13 21:02:05.000,Wooshin_Air_Consumption,7,328,145292,NULL
516,2022-05-13 20:02:05.000,Wooshin_Air_Consumption,7,342,145269,NULL
515,2022-05-13 19:02:05.000,Wooshin_Air_Consumption,7,73,145257,NULL
514,2022-05-13 18:02:05.000,Wooshin_Air_Consumption,7,424,145236,NULL
513,2022-05-13 17:02:05.000,Wooshin_Air_Consumption,7,346,145215,NULL
512,2022-05-13 16:02:05.000,Wooshin_Air_Consumption,7,330,145198,NULL
511,2022-05-13 15:02:06.000,Wooshin_Air_Consumption,7,212,145178,NULL
510,2022-05-13 14:02:05.000,Wooshin_Air_Consumption,7,3,145171,NULL
509,2022-05-13 13:02:05.000,Wooshin_Air_Consumption,7,300,145156,NULL
508,2022-05-13 12:02:05.000,Wooshin_Air_Consumption,7,175,145135,NULL
507,2022-05-13 11:02:05.000,Wooshin_Air_Consumption,7,39,145124,NULL
506,2022-05-13 10:02:05.000,Wooshin_Air_Consumption,7,420,145104,NULL
505,2022-05-13 09:02:05.000,Wooshin_Air_Consumption,7,341,145082,NULL
504,2022-05-13 08:02:05.000,Wooshin_Air_Consumption,7,301,145059,NULL
503,2022-05-13 07:02:05.000,Wooshin_Air_Consumption,7,503,145042,NULL
502,2022-05-13 06:02:05.000,Wooshin_Air_Consumption,7,127,145021,NULL
501,2022-05-13 05:02:05.000,Wooshin_Air_Consumption,7,277,145016,NULL
500,2022-05-13 04:02:05.000,Wooshin_Air_Consumption,7,246,144996,NULL
499,2022-05-13 03:02:05.000,Wooshin_Air_Consumption,7,185,144986,NULL
498,2022-05-13 02:02:05.000,Wooshin_Air_Consumption,7,400,144965,NULL
497,2022-05-13 01:02:05.000,Wooshin_Air_Consumption,7,264,144943,NULL
496,2022-05-13 00:05:04.000,Wooshin_Air_Consumption,7,279,144931,NULL
495,2022-05-12 23:02:05.000,Wooshin_Air_Consumption,7,119,144916,NULL
494,2022-05-12 22:02:05.000,Wooshin_Air_Consumption,7,367,144905,NULL
493,2022-05-12 21:02:06.000,Wooshin_Air_Consumption,7,359,144884,NULL
492,2022-05-12 20:02:05.000,Wooshin_Air_Consumption,7,453,144862,NULL
491,2022-05-12 19:02:05.000,Wooshin_Air_Consumption,7,47,144851,NULL
490,2022-05-12 18:02:05.000,Wooshin_Air_Consumption,7,389,144831,NULL
489,2022-05-12 17:02:07.000,Wooshin_Air_Consumption,7,276,144809,NULL
488,2022-05-12 16:02:05.000,Wooshin_Air_Consumption,7,347,144792,NULL
487,2022-05-12 15:02:05.000,Wooshin_Air_Consumption,7,404,144770,NULL
486,2022-05-12 14:02:05.000,Wooshin_Air_Consumption,7,151,144759,NULL
485,2022-05-12 13:02:05.000,Wooshin_Air_Consumption,7,363,144738,NULL
484,2022-05-12 12:02:05.000,Wooshin_Air_Consumption,7,355,144718,NULL
483,2022-05-12 11:02:05.000,Wooshin_Air_Consumption,7,42,144708,NULL
482,2022-05-12 10:02:05.000,Wooshin_Air_Consumption,7,380,144690,NULL
481,2022-05-12 09:02:05.000,Wooshin_Air_Consumption,7,472,144668,NULL
480,2022-05-12 08:02:05.000,Wooshin_Air_Consumption,7,353,144646,NULL
479,2022-05-12 07:02:05.000,Wooshin_Air_Consumption,7,338,144629,NULL
478,2022-05-12 06:02:05.000,Wooshin_Air_Consumption,7,5,144608,NULL
477,2022-05-12 05:02:05.000,Wooshin_Air_Consumption,7,1,144604,NULL
476,2022-05-12 04:02:05.000,Wooshin_Air_Consumption,7,303,144585,NULL
475,2022-05-12 03:02:06.000,Wooshin_Air_Consumption,7,163,144577,NULL
474,2022-05-12 02:02:05.000,Wooshin_Air_Consumption,7,303,144557,NULL
473,2022-05-12 01:02:05.000,Wooshin_Air_Consumption,7,252,144538,NULL
472,2022-05-12 00:05:04.000,Wooshin_Air_Consumption,7,301,144524,NULL
471,2022-05-11 23:02:05.000,Wooshin_Air_Consumption,7,166,144508,NULL
470,2022-05-11 22:02:05.000,Wooshin_Air_Consumption,7,411,144499,NULL
469,2022-05-11 21:02:06.000,Wooshin_Air_Consumption,7,289,144479,NULL
468,2022-05-11 20:02:05.000,Wooshin_Air_Consumption,7,231,144460,NULL
467,2022-05-11 19:02:05.000,Wooshin_Air_Consumption,7,61,144451,NULL
466,2022-05-11 18:02:06.000,Wooshin_Air_Consumption,7,342,144433,NULL
465,2022-05-11 17:02:05.000,Wooshin_Air_Consumption,7,441,144414,NULL
464,2022-05-11 16:02:05.000,Wooshin_Air_Consumption,7,279,144399,NULL
463,2022-05-11 15:02:06.000,Wooshin_Air_Consumption,7,355,144381,NULL
462,2022-05-11 14:02:06.000,Wooshin_Air_Consumption,7,159,144365,NULL
461,2022-05-11 13:02:05.000,Wooshin_Air_Consumption,7,359,144347,NULL
460,2022-05-11 12:02:06.000,Wooshin_Air_Consumption,7,343,144325,NULL
459,2022-05-11 11:02:05.000,Wooshin_Air_Consumption,7,35,144314,NULL
458,2022-05-11 10:02:05.000,Wooshin_Air_Consumption,7,332,144294,NULL
457,2022-05-11 09:02:05.000,Wooshin_Air_Consumption,7,364,144272,NULL
456,2022-05-11 08:02:05.000,Wooshin_Air_Consumption,7,382,144252,NULL
455,2022-05-11 07:02:06.000,Wooshin_Air_Consumption,7,330,144237,NULL
454,2022-05-11 06:02:05.000,Wooshin_Air_Consumption,7,204,144218,NULL
453,2022-05-11 05:02:05.000,Wooshin_Air_Consumption,7,180,144215,NULL
452,2022-05-11 04:02:05.000,Wooshin_Air_Consumption,7,289,144194,NULL
451,2022-05-11 03:02:05.000,Wooshin_Air_Consumption,7,249,144185,NULL
450,2022-05-11 02:02:05.000,Wooshin_Air_Consumption,7,384,144163,NULL
449,2022-05-11 01:02:05.000,Wooshin_Air_Consumption,7,392,144142,NULL
448,2022-05-11 00:05:04.000,Wooshin_Air_Consumption,7,330,144121,NULL
447,2022-05-10 23:02:05.000,Wooshin_Air_Consumption,7,151,144098,NULL
446,2022-05-10 22:02:05.000,Wooshin_Air_Consumption,7,482,144089,NULL
445,2022-05-10 21:02:05.000,Wooshin_Air_Consumption,7,371,144067,NULL
444,2022-05-10 20:02:05.000,Wooshin_Air_Consumption,7,303,144046,NULL
443,2022-05-10 19:02:05.000,Wooshin_Air_Consumption,7,64,144035,NULL
442,2022-05-10 18:02:05.000,Wooshin_Air_Consumption,7,445,144015,NULL
441,2022-05-10 17:02:05.000,Wooshin_Air_Consumption,7,280,143992,NULL
440,2022-05-10 16:02:05.000,Wooshin_Air_Consumption,7,353,143976,NULL
439,2022-05-10 15:02:05.000,Wooshin_Air_Consumption,7,388,143954,NULL
438,2022-05-10 14:02:06.000,Wooshin_Air_Consumption,7,71,143943,NULL
437,2022-05-10 13:02:05.000,Wooshin_Air_Consumption,7,425,143922,NULL
436,2022-05-10 12:02:05.000,Wooshin_Air_Consumption,7,361,143900,NULL
435,2022-05-10 11:02:05.000,Wooshin_Air_Consumption,7,51,143889,NULL
434,2022-05-10 10:02:05.000,Wooshin_Air_Consumption,7,328,143869,NULL
433,2022-05-10 09:02:07.000,Wooshin_Air_Consumption,7,399,143848,NULL
432,2022-05-10 08:02:05.000,Wooshin_Air_Consumption,7,325,143826,NULL
431,2022-05-10 07:02:05.000,Wooshin_Air_Consumption,7,417,143809,NULL
430,2022-05-10 06:02:06.000,Wooshin_Air_Consumption,7,104,143789,NULL
429,2022-05-10 05:02:05.000,Wooshin_Air_Consumption,7,316,143786,NULL
428,2022-05-10 04:02:05.000,Wooshin_Air_Consumption,7,332,143766,NULL
427,2022-05-10 03:02:05.000,Wooshin_Air_Consumption,7,252,143759,NULL
426,2022-05-10 02:02:05.000,Wooshin_Air_Consumption,7,335,143739,NULL
425,2022-05-10 01:02:07.000,Wooshin_Air_Consumption,7,89,143725,NULL
424,2022-05-10 00:05:05.000,Wooshin_Air_Consumption,7,600,143709,NULL
423,2022-05-09 23:02:06.000,Wooshin_Air_Consumption,7,48,143691,NULL
422,2022-05-09 22:02:05.000,Wooshin_Air_Consumption,7,270,143683,NULL
421,2022-05-09 21:02:06.000,Wooshin_Air_Consumption,7,454,143662,NULL
420,2022-05-09 20:02:06.000,Wooshin_Air_Consumption,7,284,143641,NULL
419,2022-05-09 19:02:06.000,Wooshin_Air_Consumption,7,11,143632,NULL
418,2022-05-09 18:02:05.000,Wooshin_Air_Consumption,7,274,143613,NULL
417,2022-05-09 17:02:05.000,Wooshin_Air_Consumption,7,316,143592,NULL
416,2022-05-09 16:02:05.000,Wooshin_Air_Consumption,7,335,143575,NULL
415,2022-05-09 15:02:05.000,Wooshin_Air_Consumption,7,366,143554,NULL
414,2022-05-09 14:02:05.000,Wooshin_Air_Consumption,7,28,143543,NULL
413,2022-05-09 13:02:05.000,Wooshin_Air_Consumption,7,354,143524,NULL
412,2022-05-09 12:02:05.000,Wooshin_Air_Consumption,7,380,143503,NULL
411,2022-05-09 11:02:05.000,Wooshin_Air_Consumption,7,44,143493,NULL
410,2022-05-09 10:02:05.000,Wooshin_Air_Consumption,7,516,143473,NULL
409,2022-05-09 09:02:05.000,Wooshin_Air_Consumption,7,388,143452,NULL
408,2022-05-09 08:02:05.000,Wooshin_Air_Consumption,7,345,143429,NULL
407,2022-05-09 07:02:05.000,Wooshin_Air_Consumption,7,412,143412,NULL
406,2022-05-09 06:02:06.000,Wooshin_Air_Consumption,7,109,143392,NULL
405,2022-05-09 05:02:05.000,Wooshin_Air_Consumption,7,0,143388,NULL
404,2022-05-09 04:02:05.000,Wooshin_Air_Consumption,7,0,143388,NULL
403,2022-05-09 03:02:05.000,Wooshin_Air_Consumption,7,0,143388,NULL
402,2022-05-09 02:02:05.000,Wooshin_Air_Consumption,7,0,143388,NULL
401,2022-05-09 01:02:05.000,Wooshin_Air_Consumption,7,0,143388,NULL
400,2022-05-09 00:05:04.000,Wooshin_Air_Consumption,7,0,143388,NULL
399,2022-05-08 23:02:05.000,Wooshin_Air_Consumption,7,0,143388,NULL
398,2022-05-08 22:02:05.000,Wooshin_Air_Consumption,7,0,143388,NULL
397,2022-05-08 21:02:05.000,Wooshin_Air_Consumption,7,0,143388,NULL
396,2022-05-08 20:02:05.000,Wooshin_Air_Consumption,7,0,143388,NULL
395,2022-05-08 19:02:05.000,Wooshin_Air_Consumption,7,0,143388,NULL
394,2022-05-08 18:02:05.000,Wooshin_Air_Consumption,7,0,143388,NULL
393,2022-05-08 17:02:06.000,Wooshin_Air_Consumption,7,0,143388,NULL
392,2022-05-08 16:02:05.000,Wooshin_Air_Consumption,7,0,143388,NULL
391,2022-05-08 15:02:06.000,Wooshin_Air_Consumption,7,0,143388,NULL
390,2022-05-08 14:02:05.000,Wooshin_Air_Consumption,7,0,143386,NULL
389,2022-05-08 13:02:06.000,Wooshin_Air_Consumption,7,0,143384,NULL
388,2022-05-08 12:02:05.000,Wooshin_Air_Consumption,7,89,143381,NULL
387,2022-05-08 11:02:05.000,Wooshin_Air_Consumption,7,104,143377,NULL
386,2022-05-08 10:02:05.000,Wooshin_Air_Consumption,7,10,143374,NULL
385,2022-05-08 09:02:05.000,Wooshin_Air_Consumption,7,19,143372,NULL
384,2022-05-08 08:02:05.000,Wooshin_Air_Consumption,7,0,143369,NULL
383,2022-05-08 07:02:05.000,Wooshin_Air_Consumption,7,0,143369,NULL
382,2022-05-08 06:02:05.000,Wooshin_Air_Consumption,7,0,143369,NULL
381,2022-05-08 05:02:06.000,Wooshin_Air_Consumption,7,389,143366,NULL
380,2022-05-08 04:02:05.000,Wooshin_Air_Consumption,7,330,143346,NULL
379,2022-05-08 03:02:05.000,Wooshin_Air_Consumption,7,183,143339,NULL
378,2022-05-08 02:02:07.000,Wooshin_Air_Consumption,7,363,143318,NULL
377,2022-05-08 01:02:05.000,Wooshin_Air_Consumption,7,359,143296,NULL
376,2022-05-08 00:05:04.000,Wooshin_Air_Consumption,7,332,143276,NULL
375,2022-05-07 23:02:05.000,Wooshin_Air_Consumption,7,266,143254,NULL
374,2022-05-07 22:02:05.000,Wooshin_Air_Consumption,7,288,143245,NULL
373,2022-05-07 21:02:05.000,Wooshin_Air_Consumption,7,432,143225,NULL
372,2022-05-07 20:02:05.000,Wooshin_Air_Consumption,7,353,143203,NULL
371,2022-05-07 19:02:05.000,Wooshin_Air_Consumption,7,6,143194,NULL
370,2022-05-07 18:02:05.000,Wooshin_Air_Consumption,7,308,143175,NULL
369,2022-05-07 17:02:05.000,Wooshin_Air_Consumption,7,391,143154,NULL
368,2022-05-07 16:02:05.000,Wooshin_Air_Consumption,7,471,143138,NULL
367,2022-05-07 15:02:05.000,Wooshin_Air_Consumption,7,332,143117,NULL
366,2022-05-07 14:02:05.000,Wooshin_Air_Consumption,7,71,143107,NULL
365,2022-05-07 13:02:05.000,Wooshin_Air_Consumption,7,320,143087,NULL
364,2022-05-07 12:02:05.000,Wooshin_Air_Consumption,7,354,143066,NULL
363,2022-05-07 11:02:06.000,Wooshin_Air_Consumption,7,1,143055,NULL
362,2022-05-07 10:02:05.000,Wooshin_Air_Consumption,7,384,143036,NULL
361,2022-05-07 09:02:06.000,Wooshin_Air_Consumption,7,405,143014,NULL
360,2022-05-07 08:02:06.000,Wooshin_Air_Consumption,7,335,142991,NULL
359,2022-05-07 07:02:06.000,Wooshin_Air_Consumption,7,437,142976,NULL
358,2022-05-07 06:02:05.000,Wooshin_Air_Consumption,7,167,142955,NULL
357,2022-05-07 05:02:05.000,Wooshin_Air_Consumption,7,472,142953,NULL
356,2022-05-07 04:02:06.000,Wooshin_Air_Consumption,7,500,142932,NULL
355,2022-05-07 03:02:05.000,Wooshin_Air_Consumption,7,252,142926,NULL
354,2022-05-07 02:02:07.000,Wooshin_Air_Consumption,7,276,142905,NULL
353,2022-05-07 01:02:05.000,Wooshin_Air_Consumption,7,287,142885,NULL
352,2022-05-07 00:05:04.000,Wooshin_Air_Consumption,7,272,142865,NULL
351,2022-05-06 23:02:05.000,Wooshin_Air_Consumption,7,171,142844,NULL
350,2022-05-06 22:02:05.000,Wooshin_Air_Consumption,7,306,142835,NULL
349,2022-05-06 21:02:05.000,Wooshin_Air_Consumption,7,353,142814,NULL
348,2022-05-06 20:02:05.000,Wooshin_Air_Consumption,7,376,142793,NULL
347,2022-05-06 19:02:05.000,Wooshin_Air_Consumption,7,0,142783,NULL
346,2022-05-06 18:02:05.000,Wooshin_Air_Consumption,7,366,142763,NULL
345,2022-05-06 17:02:06.000,Wooshin_Air_Consumption,7,383,142741,NULL
344,2022-05-06 16:02:05.000,Wooshin_Air_Consumption,7,349,142724,NULL
343,2022-05-06 15:02:05.000,Wooshin_Air_Consumption,7,412,142700,NULL
342,2022-05-06 14:02:05.000,Wooshin_Air_Consumption,7,63,142689,NULL
341,2022-05-06 13:02:05.000,Wooshin_Air_Consumption,7,324,142669,NULL
340,2022-05-06 12:02:05.000,Wooshin_Air_Consumption,7,285,142647,NULL
339,2022-05-06 11:02:05.000,Wooshin_Air_Consumption,7,0,142637,NULL
338,2022-05-06 10:02:05.000,Wooshin_Air_Consumption,7,441,142618,NULL
337,2022-05-06 09:02:05.000,Wooshin_Air_Consumption,7,326,142596,NULL
336,2022-05-06 08:02:05.000,Wooshin_Air_Consumption,7,412,142575,NULL
335,2022-05-06 07:02:05.000,Wooshin_Air_Consumption,7,305,142561,NULL
334,2022-05-06 06:02:05.000,Wooshin_Air_Consumption,7,94,142543,NULL
333,2022-05-06 05:02:05.000,Wooshin_Air_Consumption,7,201,142542,NULL
332,2022-05-06 04:02:06.000,Wooshin_Air_Consumption,7,270,142521,NULL
331,2022-05-06 03:02:05.000,Wooshin_Air_Consumption,7,335,142515,NULL
330,2022-05-06 02:02:08.000,Wooshin_Air_Consumption,7,354,142495,NULL
329,2022-05-06 01:02:06.000,Wooshin_Air_Consumption,7,333,142473,NULL
328,2022-05-06 00:05:04.000,Wooshin_Air_Consumption,7,201,142454,NULL
327,2022-05-05 23:02:05.000,Wooshin_Air_Consumption,7,114,142433,NULL
326,2022-05-05 22:02:05.000,Wooshin_Air_Consumption,7,314,142425,NULL
325,2022-05-05 21:02:05.000,Wooshin_Air_Consumption,7,544,142404,NULL
324,2022-05-05 20:02:05.000,Wooshin_Air_Consumption,7,355,142382,NULL
323,2022-05-05 19:02:05.000,Wooshin_Air_Consumption,7,47,142374,NULL
322,2022-05-05 18:02:05.000,Wooshin_Air_Consumption,7,422,142354,NULL
321,2022-05-05 17:02:05.000,Wooshin_Air_Consumption,7,334,142333,NULL
320,2022-05-05 16:02:05.000,Wooshin_Air_Consumption,7,289,142316,NULL
319,2022-05-05 15:02:05.000,Wooshin_Air_Consumption,7,462,142295,NULL
318,2022-05-05 14:02:06.000,Wooshin_Air_Consumption,7,54,142287,NULL
317,2022-05-05 13:02:05.000,Wooshin_Air_Consumption,7,433,142268,NULL
316,2022-05-05 12:02:05.000,Wooshin_Air_Consumption,7,167,142252,NULL
315,2022-05-05 11:02:05.000,Wooshin_Air_Consumption,7,9,142243,NULL
314,2022-05-05 10:02:05.000,Wooshin_Air_Consumption,7,350,142224,NULL
313,2022-05-05 09:02:05.000,Wooshin_Air_Consumption,7,284,142202,NULL
312,2022-05-05 08:02:05.000,Wooshin_Air_Consumption,7,280,142181,NULL
311,2022-05-05 07:02:05.000,Wooshin_Air_Consumption,7,288,142167,NULL
310,2022-05-05 06:02:05.000,Wooshin_Air_Consumption,7,48,142150,NULL
309,2022-05-05 05:02:05.000,Wooshin_Air_Consumption,7,2,142150,NULL
308,2022-05-05 04:02:05.000,Wooshin_Air_Consumption,7,6,142149,NULL
307,2022-05-05 03:02:06.000,Wooshin_Air_Consumption,7,274,142145,NULL
306,2022-05-05 02:02:05.000,Wooshin_Air_Consumption,7,358,142125,NULL
305,2022-05-05 01:02:05.000,Wooshin_Air_Consumption,7,363,142106,NULL
304,2022-05-05 00:05:04.000,Wooshin_Air_Consumption,7,320,142087,NULL
303,2022-05-04 23:02:05.000,Wooshin_Air_Consumption,7,93,142070,NULL
302,2022-05-04 22:02:05.000,Wooshin_Air_Consumption,7,409,142062,NULL
301,2022-05-04 21:02:05.000,Wooshin_Air_Consumption,7,310,142041,NULL
300,2022-05-04 20:02:05.000,Wooshin_Air_Consumption,7,322,142020,NULL
299,2022-05-04 19:02:06.000,Wooshin_Air_Consumption,7,0,142012,NULL
298,2022-05-04 18:02:05.000,Wooshin_Air_Consumption,7,442,141992,NULL
297,2022-05-04 17:02:05.000,Wooshin_Air_Consumption,7,372,141971,NULL
296,2022-05-04 16:02:05.000,Wooshin_Air_Consumption,7,343,141956,NULL
295,2022-05-04 15:02:05.000,Wooshin_Air_Consumption,7,151,141936,NULL
294,2022-05-04 14:02:05.000,Wooshin_Air_Consumption,7,50,141927,NULL
293,2022-05-04 13:02:05.000,Wooshin_Air_Consumption,7,501,141907,NULL
292,2022-05-04 12:02:05.000,Wooshin_Air_Consumption,7,495,141886,NULL
291,2022-05-04 11:02:05.000,Wooshin_Air_Consumption,7,0,141876,NULL
290,2022-05-04 10:02:06.000,Wooshin_Air_Consumption,7,457,141857,NULL
289,2022-05-04 09:02:05.000,Wooshin_Air_Consumption,7,445,141835,NULL
288,2022-05-04 08:02:05.000,Wooshin_Air_Consumption,7,413,141815,NULL
287,2022-05-04 07:02:05.000,Wooshin_Air_Consumption,7,256,141800,NULL
286,2022-05-04 06:02:06.000,Wooshin_Air_Consumption,7,129,141783,NULL
285,2022-05-04 05:02:05.000,Wooshin_Air_Consumption,7,0,141780,NULL
284,2022-05-04 04:02:05.000,Wooshin_Air_Consumption,7,0,141780,NULL
283,2022-05-04 03:02:05.000,Wooshin_Air_Consumption,7,0,141780,NULL
282,2022-05-04 02:02:06.000,Wooshin_Air_Consumption,7,0,141780,NULL
281,2022-05-04 01:02:05.000,Wooshin_Air_Consumption,7,0,141780,NULL
280,2022-05-04 00:05:04.000,Wooshin_Air_Consumption,7,0,141780,NULL
279,2022-05-03 23:02:05.000,Wooshin_Air_Consumption,7,0,141780,NULL
278,2022-05-03 22:02:05.000,Wooshin_Air_Consumption,7,0,141780,NULL
277,2022-05-03 21:02:05.000,Wooshin_Air_Consumption,7,0,141780,NULL
276,2022-05-03 20:02:06.000,Wooshin_Air_Consumption,7,0,141780,NULL
275,2022-05-03 19:02:05.000,Wooshin_Air_Consumption,7,0,141780,NULL
274,2022-05-03 18:02:05.000,Wooshin_Air_Consumption,7,0,141780,NULL
273,2022-05-03 17:02:05.000,Wooshin_Air_Consumption,7,0,141780,NULL
272,2022-05-03 16:02:05.000,Wooshin_Air_Consumption,7,0,141779,NULL
271,2022-05-03 15:02:05.000,Wooshin_Air_Consumption,7,1,141777,NULL
270,2022-05-03 14:02:05.000,Wooshin_Air_Consumption,7,7,141775,NULL
269,2022-05-03 13:02:05.000,Wooshin_Air_Consumption,7,2,141773,NULL
268,2022-05-03 12:02:05.000,Wooshin_Air_Consumption,7,34,141772,NULL
267,2022-05-03 11:02:05.000,Wooshin_Air_Consumption,7,31,141771,NULL
266,2022-05-03 10:02:06.000,Wooshin_Air_Consumption,7,39,141769,NULL
265,2022-05-03 09:02:05.000,Wooshin_Air_Consumption,7,13,141768,NULL
264,2022-05-03 08:02:05.000,Wooshin_Air_Consumption,7,0,141765,NULL
263,2022-05-03 07:02:05.000,Wooshin_Air_Consumption,7,0,141765,NULL
262,2022-05-03 06:02:05.000,Wooshin_Air_Consumption,7,0,141765,NULL
261,2022-05-03 05:02:05.000,Wooshin_Air_Consumption,7,32,141765,NULL
260,2022-05-03 04:02:06.000,Wooshin_Air_Consumption,7,150,141755,NULL
259,2022-05-03 03:02:05.000,Wooshin_Air_Consumption,7,189,141752,NULL
258,2022-05-03 02:02:06.000,Wooshin_Air_Consumption,7,249,141741,NULL
256,2022-05-03 01:02:05.000,Wooshin_Air_Consumption,7,275,141724,NULL
257,2022-05-03 00:05:04.000,Wooshin_Air_Consumption,7,314,141708,NULL
255,2022-05-02 23:02:05.000,Wooshin_Air_Consumption,7,21,141694,NULL
254,2022-05-02 22:02:05.000,Wooshin_Air_Consumption,7,208,141692,NULL
253,2022-05-02 21:02:06.000,Wooshin_Air_Consumption,7,447,141677,NULL
252,2022-05-02 20:02:05.000,Wooshin_Air_Consumption,7,358,141657,NULL
251,2022-05-02 19:02:05.000,Wooshin_Air_Consumption,7,3,141648,NULL
250,2022-05-02 18:02:05.000,Wooshin_Air_Consumption,7,341,141629,NULL
249,2022-05-02 17:02:05.000,Wooshin_Air_Consumption,7,326,141608,NULL
248,2022-05-02 16:02:05.000,Wooshin_Air_Consumption,7,252,141594,NULL
247,2022-05-02 15:02:05.000,Wooshin_Air_Consumption,7,375,141575,NULL
246,2022-05-02 14:02:06.000,Wooshin_Air_Consumption,7,44,141566,NULL
245,2022-05-02 13:02:05.000,Wooshin_Air_Consumption,7,386,141546,NULL
244,2022-05-02 12:02:05.000,Wooshin_Air_Consumption,7,339,141524,NULL
243,2022-05-02 11:02:06.000,Wooshin_Air_Consumption,7,21,141515,NULL
242,2022-05-02 10:02:05.000,Wooshin_Air_Consumption,7,338,141495,NULL
241,2022-05-02 09:02:05.000,Wooshin_Air_Consumption,7,345,141475,NULL
240,2022-05-02 08:02:05.000,Wooshin_Air_Consumption,7,291,141454,NULL
239,2022-05-02 07:02:05.000,Wooshin_Air_Consumption,7,409,141439,NULL
238,2022-05-02 06:02:05.000,Wooshin_Air_Consumption,7,42,141421,NULL
